lang	tool	level	code_origin	index_kind	count
c_cpp	comm	O0	project	constant	7
c_cpp	comm	O0	project	variable	3
c_cpp	comm	O0	tool	constant	78
c_cpp	comm	O0	tool	variable	31
c_cpp	echo	O0	project	constant	7
c_cpp	echo	O0	project	variable	3
c_cpp	echo	O0	tool	constant	8
c_cpp	echo	O0	tool	variable	2
c_cpp	expand	O0	project	constant	7
c_cpp	expand	O0	project	variable	3
c_cpp	expand	O0	tool	constant	11
c_cpp	fold	O0	project	constant	7
c_cpp	fold	O0	project	variable	3
c_cpp	fold	O0	tool	constant	19
c_cpp	fold	O0	tool	variable	1
c_cpp	mkdir	O0	project	constant	7
c_cpp	mkdir	O0	project	variable	3
c_cpp	mkdir	O0	tool	constant	36
c_cpp	nl	O0	project	constant	7
c_cpp	nl	O0	project	variable	3
c_cpp	nl	O0	tool	constant	6
c_cpp	nl	O0	tool	variable	2
c_cpp	paste	O0	project	constant	7
c_cpp	paste	O0	project	variable	3
c_cpp	paste	O0	tool	constant	6
c_cpp	paste	O0	tool	variable	27
c_cpp	shuf	O0	project	constant	11
c_cpp	shuf	O0	project	variable	3
c_cpp	shuf	O0	tool	constant	16
c_cpp	shuf	O0	tool	variable	11
c_cpp	sum	O0	tool	variable	4
c_cpp	tee	O0	project	constant	7
c_cpp	tee	O0	project	variable	3
c_cpp	tee	O0	tool	constant	5
c_cpp	tee	O0	tool	variable	20
rust	comm	O0	library	constant	886
rust	comm	O0	library	variable	7
rust	comm	O0	project	constant	112
rust	comm	O0	tool	constant	177
rust	echo	O0	library	constant	399
rust	echo	O0	project	constant	30
rust	echo	O0	tool	constant	114
rust	expand	O0	library	constant	880
rust	expand	O0	library	variable	9
rust	expand	O0	project	constant	24
rust	expand	O0	tool	constant	180
rust	expand	O0	tool	variable	9
rust	fold	O0	library	constant	966
rust	fold	O0	library	variable	7
rust	fold	O0	project	constant	32
rust	fold	O0	tool	constant	411
rust	fold	O0	tool	variable	16
rust	mkdir	O0	library	constant	503
rust	mkdir	O0	library	variable	1
rust	mkdir	O0	project	constant	9
rust	mkdir	O0	tool	constant	169
rust	nl	O0	library	constant	1346
rust	nl	O0	library	variable	12
rust	nl	O0	project	constant	74
rust	nl	O0	tool	constant	290
rust	paste	O0	library	constant	802
rust	paste	O0	library	variable	7
rust	paste	O0	project	constant	15
rust	paste	O0	tool	constant	188
rust	paste	O0	tool	variable	5
rust	shuf	O0	library	constant	1829
rust	shuf	O0	library	variable	40
rust	shuf	O0	project	constant	44
rust	shuf	O0	tool	constant	420
rust	shuf	O0	tool	variable	4
rust	sum	O0	library	constant	488
rust	sum	O0	project	constant	14
rust	sum	O0	tool	constant	105
rust	tee	O0	library	constant	1017
rust	tee	O0	library	variable	9
rust	tee	O0	project	constant	23
rust	tee	O0	tool	constant	151
