lang	tool	level	kind	count
c_cpp	comm	O0	for	4
c_cpp	comm	O0	while	5
c_cpp	echo	O0	for	1
c_cpp	echo	O0	while	8
c_cpp	expand	O0	do-while	1
c_cpp	expand	O0	while	7
c_cpp	fold	O0	for	3
c_cpp	fold	O0	goto	1
c_cpp	fold	O0	while	5
c_cpp	mkdir	O0	while	4
c_cpp	nl	O0	for	2
c_cpp	nl	O0	while	5
c_cpp	paste	O0	for	3
c_cpp	paste	O0	while	8
c_cpp	shuf	O0	do-while	2
c_cpp	shuf	O0	for	10
c_cpp	shuf	O0	while	4
c_cpp	sum	O0	for	4
c_cpp	sum	O0	while	4
c_cpp	tee	O0	for	4
c_cpp	tee	O0	while	5
rust	comm	O0	for	1
rust	comm	O0	library	7
rust	comm	O0	loop	2
rust	comm	O0	while	1
rust	echo	O0	for	3
rust	echo	O0	library	6
rust	echo	O0	while-let	2
rust	expand	O0	for	4
rust	expand	O0	library	19
rust	expand	O0	loop	1
rust	expand	O0	while	2
rust	fold	O0	for	5
rust	fold	O0	library	15
rust	fold	O0	loop	4
rust	fold	O0	while	4
rust	fold	O0	while-let	2
rust	mkdir	O0	for	2
rust	mkdir	O0	library	2
rust	mkdir	O0	while-let	1
rust	nl	O0	for	5
rust	nl	O0	library	14
rust	nl	O0	loop	2
rust	nl	O0	while	2
rust	paste	O0	for	3
rust	paste	O0	library	10
rust	paste	O0	loop	1
rust	paste	O0	while	2
rust	paste	O0	while-let	1
rust	shuf	O0	for	10
rust	shuf	O0	library	35
rust	shuf	O0	while	2
rust	sum	O0	for	1
rust	sum	O0	library	5
rust	sum	O0	loop	2
rust	tee	O0	for	1
rust	tee	O0	library	21
rust	tee	O0	loop	1
rust	tee	O0	while	1
rust	tee	O0	while-let	1
